{
    "status":"ok",
    "totalResults":34,
    "articles":[
        {
            "source":{"id":null,"name":"Hani.co.kr"},
            "author":"서영지","title":"국힘 원내대표 선거 불출마한 이철규 “당초부터 의사 없었다” - 한겨레",
            "description":"국민의힘 원내대표 선거에 불출마한 이철규 의원(3선·강원 동해·태백·삼척·정선)이 5일 “저는 당초부터 이번 선거에 출마할 의사가 전혀 없었다”고 밝혔다. 이 의원은 이날 페이스북에 “(원내대표) 후보 등록이 마감됐기에 이와 관련해 저의 입장을 간략히 말씀드리고자 한다",
            "url":"https://www.hani.co.kr/arti/politics/politics_general/1139338.html","urlToImage":"https://flexible.img.hani.co.kr/flexible/normal/640/469/imgdb/original/2024/0505/20240505500600.jpg",
            "publishedAt":"2024-05-05T10:15:00Z","content":null
        },
        {
            "source":{"id":null,"name":"News1.kr"},"author":"조소영",
            "title":"'이스라엘-하마스 휴전협상' 이틀째 빈손…라파 공습 지속(상보) - 뉴스1","description":"이스라엘-하마스&amp;#40;팔레스타인 무장정파&amp;#41; 전쟁의 휴전을 위해 5일&amp;#40;현지시간&amp;#41; 재개된 이집트 카이로에서의 협상이 또다시 &#039;빈손 종료&#039;된 것으로 알려졌다.로...","url":"https://www.news1.kr/articles/?5406554","urlToImage":"https://i2n.news1.kr/system/photos/2024/5/1/6627424/article.jpg","publishedAt":"2024-05-05T09:48:34Z","content":"- , 5 ' ' vs ' '\r\n-( ) 5() ' ' .·AFP , , (4) . ' ' .\r\n ' '. 40 · . .' '() \" \" . , .\r\n'' . , .\r\n . \" \" \" \" .. ' ' .\r\n. ' ' . 4 .\r\nAFP \" () \" .\r\ncho11757@news1.kr \r\nCopyright 1. All rights reserved. , … [+3 chars]"},{"source":{"id":null,"name":"Hankyung.com"},"author":"김수현","title":"[이 아침의 바이올리니스트] 유럽 오케스트라 벽 뚫은 거장들의 파트너, 이지혜 - 한국경제","description":"[이 아침의 바이올리니스트] 유럽 오케스트라 벽 뚫은 거장들의 파트너, 이지혜, 경제와 문화의 가교 한경","url":"https://www.hankyung.com/article/2024050578201","urlToImage":"https://static.hankyung.com/img/logo/logo-news-sns.png?v=20201130","publishedAt":"2024-05-05T09:46:28Z","content":", 2024 \r\n‘2024 ’ 4 3 28 . 23 , , . 10 .   6 . . . , . ‘ ’ 8 . .9 ‘ ’ ‘’ . . 1 . . .10 ‘ ’ . Op.6 7 , . ‘’ , , . 5 . . 5 .   13 ‘’ . . 1 . 2 ‘ ’ 1 . . , . .16 1 . , . 4 . , .19 . . . 3 . . .20 4 . . .… [+88 chars]"},{"source":{"id":null,"name":"Hankyung.com"},"author":null,"title":"\"AI가 핵무기처럼 위험한 이유는…\" 워런 버핏 '무서운 경고' - 한국경제","description":"\"AI가 핵무기처럼 위험한 이유는…\" 워런 버핏 '무서운 경고' , 美 벅셔해서웨이 주총 가다 버핏 \"AI, 역대급 성장산업이지만…그 힘 두렵다\" '단짝' 멍거 없이 맞은 첫 행사 역대 최대 257조원 현금 보유 \"마음에 드는 투자처 아직 없어\"","url":"https://www.hankyung.com/article/2024050578471","urlToImage":"https://img.hankyung.com/photo/202405/AA.36620087.1.jpg","publishedAt":"2024-05-05T09:28:54Z","content":"&lt; , &gt; 4() () . (CEO) . CNBC \r\n4() (69). “ 1 ” . ‘ ’ . . . CHI 4 .93 ‘’ . 60 11 99 . 30 . “ ” . ‘’ .\r\n. “ , , ” .\r\n(AI) . “AI ” “ ” . ‘’( ) “AI , ” .\r\n1 1890( 257) . “ ” . “ , ” Q&amp;A .\r\n &lt;… [+264 chars]"},{"source":{"id":null,"name":"YouTube"},"author":null,"title":"1분기 GDP 깜짝 성장했지만…경제 지표 '적신호' / 연합뉴스TV (YonhapnewsTV) - 연합뉴스TV","description":"1분기 GDP 깜짝 성장했지만…경제 지표 '적신호'[뉴스리뷰][앵커]  우리나라 1분기 실질 국내총생산, GDP가 '깜짝 성장'하면서 경기 회복 기대감이 퍼졌는데요.최근 실물 경기 지표들은 되레 감소 전환한 것으로 나타났습니다. 다시 경계심이 커지고 있습니다. 강은나래 기자입니다....","url":"https://www.youtube.com/watch?v=2y_NinrJIAo","urlToImage":"https://i.ytimg.com/vi/2y_NinrJIAo/maxresdefault.jpg","publishedAt":"2024-05-05T09:22:13Z","content":null},{"source":{"id":null,"name":"Chosun.com"},"author":"조선일보","title":"'우승까지 한 걸음' 전창진 감독 \"마지막 무기는최준용...정신력이 가장 중요해\"[수원톡톡] - 조선일보","description":"우승까지 한 걸음 전창진 감독 마지막 무기는최준용...정신력이 가장 중요해수원톡톡","url":"https://www.chosun.com/sports/basketball/2024/05/05/55LZ4HI4YR2QVECJOHMWENNRRQ/","urlToImage":"https://images.chosun.com/resizer/lCjN8jEgAjfhG2LnDhFNWyyu0OM=/650x341/smart/cloudfront-ap-northeast-1.images.arcpublishing.com/chosun/V3AKR5HOBEXQ77WDLB5WMQDZ7A.jpg","publishedAt":"2024-05-05T09:00:00Z","content":null},{"source":{"id":null,"name":"Chosun.com"},"author":"health chosun","title":"쌓인 피로 없애려면 '이것'부터 바꿔보세요 - 헬스조선","description":"占실뤄옙, 占쌀안곤옙, 占쌀몌옙占쏙옙占쏙옙 占쏙옙占식쇽옙 占쏙옙占쏙옙占쏙옙 찾占쏙옙 占쏙옙占쏙옙占쏙옙 A占쏙옙占쏙옙 탈占쏙옙占쏙옙占식깍옙 占쏙옙占쏙옙占쏙옙 占쌨았댐옙. 占실삼옙占?","url":"https://m.health.chosun.com/svc/news_view.html?contid=2024050200984","urlToImage":"https://health.chosun.com/site/data/img_dir/2024/05/02/2024050200980_0.jpg","publishedAt":"2024-05-05T09:00:00Z","content":", , A . ?\" ? \" . . ?br&gt; ? ? , ? . . ? , ? . . , , , , .\r\n? ?? , , ? ? ? .\r\n , ? . ?, . , . , . , .\r\n? . , .\r\n. . ? . , . ? , .\r\n? ."},{"source":{"id":null,"name":"Donga.com"},"author":null,"title":"‘4골 추가’ 홀란, 2연속 EPL 득점왕 굳히기 - 동아일보","description":"엘링 홀란(맨체스터시티)이 한 경기에서 4골을 추가하며 잉글랜드 프리미어리그(EPL) 두 시즌 연속 득점왕 굳히기에 들어갔다.홀란은 5일 울버햄프턴과의 2023~2024시즌 EP…","url":"https://www.donga.com/news/Sports/article/all/20240505/124797521/1","urlToImage":"https://dimg1.donga.com/wps/NEWS/IMAGE/2024/05/05/124797517.1.jpg","publishedAt":"2024-05-05T08:34:00Z","content":"5 (EPL) 36 48 PK . PK 2 4 . =AP \r\n() 4 (EPL) .5 2023~2024 EPL 2 4 5-1 . EPL 4 . (FA) 5 .\r\nEPL 25 2 (), (· 20) 5 . , . . EPL 2017~2018, 2018~2019 () . 4 82 ( 83) 1 .\r\n 5 (EPL) 36 . PK 2 4 . =AP \r\n12 .… [+58 chars]"},{"source":{"id":null,"name":"Hankyung.com"},"author":"안대규","title":"경희의료원, 매일 수억원 적자 보더니…\"존폐 위기 놓였다\" - 한국경제","description":"경희의료원, 매일 수억원 적자 보더니…\"존폐 위기 놓였다\", \"급여 중단·희망 퇴직 고려\" 경희의료원 53년만 최악의 경영난","url":"https://www.hankyung.com/article/202405057693i","urlToImage":"https://img.hankyung.com/photo/202405/01.36621434.1.jpg","publishedAt":"2024-05-05T08:28:20Z","content":"· \" \"\r\n, ·'' \" … \"··· 3 . ' ' , . '5' . , \" 5 3 '2024 ' \" . 9 . \" \" \" \" . . \" 5 1 \" \" \" . . \" \" .5 . , . , . . . . . · . , 10 . . 4 . , 30 , . ./"},{"source":{"id":null,"name":"Mk.co.kr"},"author":null,"title":"홍준표는 ‘尹 엄호’ 오세훈 ‘민주당과 오찬’…한동훈은 햄버거집 앞에서 포착 - 매일경제","description":"4·10 총선 참패 직후 한동훈 전 비상대책위원장의 사퇴로 비어 있던 국민의힘 신임 비대위원장에 황우여 전 사회부총리가 취임한 가운데 국민의힘의 차기 대선 주자로 꼽히는 현직 광역단체장들이 보폭을 넓히고 있다. 대표적인 인물은 오세훈 서울시장과 홍준표 대구시장이다. 이들은 총선 패배 이후 정치 현안에 대해 목소리를 내며 차기 대선 주자로서의 입지를 강화하려","url":"https://www.mk.co.kr/news/politics/11007812","urlToImage":"https://wimg.mk.co.kr/news/cms/202405/05/rcv.YNA.20240411.PYH2024041117510001300_R.jpg","publishedAt":"2024-05-05T08:24:22Z","content":"4·10 . . .\r\n 2026 6 3 9 2027 . 2, 3 .\r\n5 , . (SNS) 19 22 23 4·10 . 26 .\r\n . , .\r\n .\r\n, 30 1 20 . () 6 (), () 7 . .\r\n . 29 .\r\n . SNS .\r\n 30 ( ) . .\r\n 16 . 3 .\r\n 3 . .\r\n . 3 . , 5000 .\r\n . .\r\n 11 . . 2… [+100 chars]"},{"source":{"id":null,"name":"Mk.co.kr"},"author":null,"title":"불붙은 스페이스 러시 보잉도 유인우주선 쏜다 - 매일경제","description":"6일 스타라이너 발사예정스페이스X와 ISS 운송 경쟁","url":"https://www.mk.co.kr/news/it/11007787","urlToImage":"https://static.mk.co.kr/facebook_mknews.jpg","publishedAt":"2024-05-05T08:06:24Z","content":"(ISS) . X '' '' 6() ISS .\r\n5 (NASA) 6 10 34( 7 11 34) '' V .\r\n2 . NASA ISS 8 . , NASA ISS .\r\n. 5, 4.6 7 . 4 . 10 .\r\n2014 . ISS NASA 42( 57078) . ISS .\r\n. 2019 . 2020 . 4 .\r\nX . X ISS . 2014 X NASA IS… [+29 chars]"},{"source":{"id":null,"name":"Donga.com"},"author":null,"title":"공수처, ‘채상병 의혹’ 김계환 해병대 사령관 15시간 조사… 이종섭도 곧 소환 - 동아일보","description":"해병대 채모 상병 순직 사고 수사 외압 의혹을 수사 중인 고위공직자범죄수사처(공수처)가 김계환 해병대 사령관(중장)을 불러 15시간 가량 조사했다. 공수처는 신범철 전 국방부 차…","url":"https://www.donga.com/news/Society/article/all/20240505/124797019/1","urlToImage":"https://dimg1.donga.com/wps/NEWS/IMAGE/2024/05/05/124797017.1.jpg","publishedAt":"2024-05-05T08:04:00Z","content":"2024-05-05 17:092024 5 5 17 09\r\n2024-05-05 17:042024 5 5 17 04"},{"source":{"id":null,"name":"Mk.co.kr"},"author":null,"title":"日 라인야후, 네이버 대신 구글과 인공지능 검색 맞손 - 매일경제","description":"일어 우수 클로바X 활용 안해美빅테크 하고만 긴밀한 협력","url":"https://www.mk.co.kr/news/it/11007758","urlToImage":"https://static.mk.co.kr/facebook_mknews.jpg","publishedAt":"2024-05-05T07:53:54Z","content":"(AI) ' AI(Vertex AI)' AI . , .\r\n5 (IT) , AI . AI . AI . AI .\r\n50% 'A' IT . () () 9600 . , . .\r\n. (LLM) X , AI GPT . AI '(Cue:)' . 6 ' AI ' . AI, , (AWS) AI .\r\n\"A \" \" \" .\r\n[ ]"},{"source":{"id":null,"name":"Jejusori.net"},"author":"김찬우 기자","title":"신머들새마을작은도서관, 개관 1주년 기념 어린이날 축제 개최 - 제주의소리","description":"제주 서귀포혁신도시엘에이치2단지(하우스D) 아파트에 문을 연 신머들새마을작은도서관이 개관 1주년을 기념해 5일 어린이날 축제를 개최했다.하우스D 아파트 주민자치회(회장 강병철) 후원으로 열린 이날 행사는 대륜동과 인근 지역 어린이 및 학부모를 대상으로 진행됐다. 어린이와 학부모 70여 명이 참여한 가운데 진행된 행사에서는 어버이날 카드 만들기, 돌림판 퀴즈, 3행시 짓기, 조랑말 그리기, 꼬치 만들기 등 프로그램이 운영됐다. 신머들새마을작은도서관 어린이날 행사…","url":"http://www.jejusori.net/news/articleView.html?idxno=426462","urlToImage":"https://cdn.jejusori.net/news/thumbnail/202405/426462_444887_4149_v150.jpg","publishedAt":"2024-05-05T07:41:56Z","content":"2(D) 1 5 .\r\nD ( ) . \r\n 70 , , 3 , , . \r\n 4 , . 3 , , . \r\n “ , , ” “ ” .\r\n, 26 4 ‘ : “ . (064-738-7388, ~, 2~5) ."},{"source":{"id":null,"name":"Investing.com"},"author":"시티타임스 CityTimes","title":"“중국 경기 바닥 찍고 회복세”...中 소재·소비·유통·항공주 관심 [투자박사] By 시티타임스 CityTimes - Investing.com","description":"“중국 경기 바닥 찍고 회복세”...中 소재·소비·유통·항공주 관심 [투자박사]","url":"https://kr.investing.com/news/stock-market-news/article-1062537","urlToImage":"https://i-invdn-com.investing.com/news/LYNXMPEB210AE_L.jpg","publishedAt":"2024-05-05T07:14:15Z","content":"CityTimes - [=TV]\r\n . .\r\n .\r\n: ( / )\r\n: ( /)\r\n1. \r\n** . 1,2,3 , 4 .\r\n** + + + .\r\n2. \r\n** 1 GDP 5.3% , 3 CPI 0.1%, 3 PPI -2.8% \r\n** 3: PMI 51.4, 3 9.6% , 3 4.5%, 3 3.1%\r\n** : , , 20% , 10% -&gt; 30% -… [+281 chars]"},{"source":{"id":null,"name":"Hani.co.kr"},"author":"정대하","title":"폭우·강풍 몰아친 제주공항 항공편 40편 결항…“6일 새벽까지 비정상 운항” - 한겨레","description":"어린이날인 5일 오후 강풍과 폭우로 제주국제공항 항공기 운항에 차질이 빚어지고 있다. 한국공항공사 제주공항의 설명을 종합하면 이날 정오 기준으로 제주공항 출발·도착 항공편 40편(출발 20, 도착 20)이 결항됐다. 결항편은 대부분 오후 3시 이후 예정된 항공편들이다.","url":"https://www.hani.co.kr/arti/area/honam/1139330.html","urlToImage":"https://flexible.img.hani.co.kr/flexible/normal/970/705/imgdb/original/2024/0505/2417148903486677.jpg","publishedAt":"2024-05-05T06:59:00Z","content":null},{"source":{"id":null,"name":"Hankyung.com"},"author":null,"title":"브람스 교향곡의 거대한 힘을 이틀 동안 오롯이 끌어내다 - 한국경제","description":"브람스 교향곡의 거대한 힘을 이틀 동안 오롯이 끌어내다, [클래식 리뷰] 윤한결 & 한경아르떼 필하모닉 3·4일 브람스 교향곡 전곡 연주","url":"https://www.hankyung.com/article/202405057562i","urlToImage":"https://img.hankyung.com/photo/202405/01.36620512.1.jpg","publishedAt":"2024-05-05T06:19:25Z","content":", , &lt; &gt;\r\n 25    5 1   .     &lt; &gt;  , . 2012  &lt;&gt;          , &lt; &gt;   , ,     .           . 2020     &lt;    &gt; 69 , 31   20        . 2023   , &lt;  &gt;                 .    ,    … [+475 chars]"},{"source":{"id":null,"name":"Chosun.com"},"author":"조선일보","title":"졸업식 난입 등 주말에도 이어진 시위, 일각에선 \"좌파 단체 개입\" - 조선일보","description":"졸업식 난입 등 주말에도 이어진 시위, 일각에선 좌파 단체 개입","url":"https://www.chosun.com/international/international_general/2024/05/05/B3IFGABQGNHLXKDXDMJH4KPSJA/","urlToImage":"https://images.chosun.com/resizer/674dgoW2Lvsp2lYPjVBfHexRHjs=/1200x630/smart/cloudfront-ap-northeast-1.images.arcpublishing.com/chosun/TBZQOSQ4WZO5JMEKGRAQOIOYNA.jpg","publishedAt":"2024-05-05T06:02:00Z","content":null},{"source":{"id":null,"name":"Chosun.com"},"author":"health chosun","title":"나가긴 귀찮고, 비타민D는 합성하고 싶고… '창문'으로 햇볕 쫴도 괜찮을까? - 헬스조선","description":"占쌜울옙 占쏙옙占쏙옙占쏙옙占?占쏙옙占쏙옙占쏙옙占쏙옙, 占쏙옙타占쏙옙D占쏙옙 占쏙옙占쏙옙占싹곤옙 占싶어서 창占쏙옙占쏙옙占쏙옙 占쌨븝옙占쏙옙 占쌔댐옙 占쏙옙占쏙옙占쏙옙占?占쌍댐옙. 占쌨븝옙占쏙옙 占쏙옙占쏙옙 占쏙옙...","url":"https://m.health.chosun.com/svc/news_view.html?contid=2024050301054","urlToImage":"https://health.chosun.com/site/data/img_dir/2024/05/03/2024050301049_0.jpg","publishedAt":"2024-05-05T06:00:00Z","content":"?, D ?. D . , D .D, D ? . D . . D ? , ? . D 50nmol/L 25nmol/L ? 25% . ? ? ?? ? , 10 9 ? . ? 87%, 93% D .\r\n , D D . D ? . 315~400nm UVA 280~320nm UVB . D UVB . , UVB ?. ? .\r\n? 10~15 , D ?? . ? . , ? .… [+24 chars]"},{"source":{"id":null,"name":"Chosun.com"},"author":"조선일보","title":"광선검 든 이정재 “스타워즈 촬영, 아직도 믿기지 않아” - 조선일보","description":"광선검 든 이정재 스타워즈 촬영, 아직도 믿기지 않아","url":"https://www.chosun.com/culture-life/culture_general/2024/05/05/GKF23ALEHRBYTDGWYYZXP6YOBU/","urlToImage":"https://images.chosun.com/resizer/8VA_FPEnObBABA4UmTkPY93GKO0=/1181x620/smart/cloudfront-ap-northeast-1.images.arcpublishing.com/chosun/EDYFCKYTIZGPVEGC4BRJIFVRTU.png","publishedAt":"2024-05-05T05:56:00Z","content":null}]}